metadata	feature	value	coef	stderr	N	N.not.0	pval	qval
description	s__Eggerthella_unclassified	Population Control	-0.0178294771206455	0.00460401409198912	89	24	0.000218946578776236	0.0416707885035667
description	s__Streptococcus_salivarius	Population Control	-0.0279262976469703	0.00771548538618277	89	45	0.000515727580489687	0.0416707885035667
description	s__Eubacterium_eligens	Population Control	0.0753022464970751	0.020129977343703	89	70	0.000343532492572207	0.0416707885035667
description	s__Lachnospiraceae_bacterium_3_1_57FAA_CT1	Population Control	-0.018379652061866	0.00500922848744331	89	25	0.000437137495887364	0.0416707885035667
description	s__Faecalibacterium_prausnitzii	Population Control	0.0743741550788057	0.0194601991154809	89	78	0.00026068639546739	0.0416707885035667
description	s__Clostridium_bolteae	Population Control	-0.0260855159301482	0.00801992140475945	89	32	0.00167566848039351	0.112828344346496
description	s__Bifidobacterium_longum	Population Control	-0.0444206917928206	0.0139689180273737	89	42	0.00209593268464261	0.120965257799373
description	s__Gordonibacter_pamelaeae	Population Control	-0.00943244029031453	0.00306323922844547	89	18	0.00284344672184664	0.127639163958449
sex	s__Prevotella_copri	male	0.113356137568371	0.0366623555609112	89	23	0.00273747599562375	0.127639163958449
