metadata	feature	value	coef	stderr	N	N.not.0	pval	qval
description	s__Eggerthella_unclassified	Population Control	-0.0167964242255682	0.00452732579446391	118	34	0.000346387932125205	0.044952328692852
description	s__Eubacterium_eligens	Population Control	0.0742702051236702	0.0192647396950778	118	92	0.000212260959696359	0.044952328692852
description	s__Lachnospiraceae_bacterium_3_1_57FAA_CT1	Population Control	-0.0175567047332414	0.00475253781237201	118	32	0.000363251140952339	0.044952328692852
description	s__Faecalibacterium_prausnitzii	Population Control	0.0732425860328649	0.0182547342109019	118	107	0.000123854938471987	0.044952328692852
description	s__Streptococcus_salivarius	Population Control	-0.0265607139814535	0.00766574367471935	118	58	0.000791071614293949	0.078316089815101
description	s__Bifidobacterium_longum	Population Control	-0.0436320757818269	0.0129734694704876	118	53	0.00113651393984689	0.0937624000373685
description	s__Clostridium_bolteae	Population Control	-0.0253216073246948	0.00802986382811502	118	40	0.00214220558531754	0.147137951578459
description	s__Eubacterium_siraeum	Household Control	0.123657336064826	0.0396376085558048	118	64	0.00237798709621752	0.147137951578459
description	s__Ruminococcus_callidus	Population Control	0.0233256296937368	0.00764275247876387	118	28	0.00296978936050241	0.163338414827632
